{
  "metadata": {
    "interpreter_id": "Standard CPython (GIL enabled) \u2014 3.14.6 (tags/v3.14.6:c63aec6, Jun 10 2026, 10:26:10) [MSC v.1944 64 bit (AMD64)]",
    "gil_enabled": true,
    "is_free_threaded": false,
    "free_threaded_on_path": true,
    "python_version": "3.14.6 (tags/v3.14.6:c63aec6, Jun 10 2026, 10:26:10) [MSC v.1944 64 bit (AMD64)]",
    "cpu_count_logical": 16,
    "num_workers": 8,
    "num_repeats": 3,
    "warmup_runs_discarded": 0,
    "timestamp": "2026-07-14T04:22:34.144718",
    "machine": "win32"
  },
  "per_dataset": {
    "C:\\Users\\aiman\\Documents\\ITT440_Personal Project\\scaleforecast\\data\\sku_dataset_2000000_20260714_0339.csv": {
      "sequential": {
        "num_runs": 3,
        "num_records": 2000000,
        "num_workers": 1,
        "technique": "sequential",
        "interpreter_label": "GIL-enabled",
        "gil_warning": "",
        "dataset_size": 2000000,
        "wall_time": 148.11777240000023,
        "wall_time_stdev": 6.124723665952273,
        "compute_time": 130.45327733333338,
        "compute_time_stdev": 5.8249200060660655,
        "overhead_time": 17.66449506666686,
        "overhead_time_stdev": 0.3863793688231859,
        "speedup": 1.0,
        "speedup_stdev": 0.0,
        "efficiency": 1.0,
        "efficiency_stdev": 0.0,
        "throughput": 13518.047604047315,
        "throughput_stdev": 554.3910494018954,
        "cpu_overall_percent": 6.188059274127572,
        "cpu_overall_percent_stdev": 0.006987652035984707,
        "peak_memory_mb": 1719.44140625,
        "peak_memory_mb_stdev": 1.0157151402306406,
        "avg_memory_mb": 1719.44140625,
        "avg_memory_mb_stdev": 1.0157151402306406,
        "child_process_memory_mb": 0.0,
        "child_process_memory_mb_stdev": 0.0
      },
      "concurrent_gil": {
        "num_runs": 3,
        "num_records": 2000000,
        "num_workers": 8,
        "technique": "concurrent_gil",
        "interpreter_label": "GIL-enabled",
        "gil_warning": "",
        "dataset_size": 2000000,
        "wall_time": 150.2941208333335,
        "wall_time_stdev": 7.567863637767974,
        "compute_time": 131.3132223666671,
        "compute_time_stdev": 7.2995750134421735,
        "overhead_time": 18.98089846666638,
        "overhead_time_stdev": 0.27223553529444566,
        "speedup": 0.9871409162113647,
        "speedup_stdev": 0.048303724107086284,
        "efficiency": 0.12339261452642059,
        "efficiency_stdev": 0.0060379655133857854,
        "throughput": 13329.135325442732,
        "throughput_stdev": 652.234007093213,
        "cpu_overall_percent": 6.244852019174451,
        "cpu_overall_percent_stdev": 0.0026347756049531724,
        "peak_memory_mb": 1732.46875,
        "peak_memory_mb_stdev": 2.7553132487310426,
        "avg_memory_mb": 1732.46875,
        "avg_memory_mb_stdev": 2.7553132487310426,
        "child_process_memory_mb": 0.0,
        "child_process_memory_mb_stdev": 0.0
      },
      "concurrent_nogil": {
        "num_runs": 3,
        "num_records": 2000000,
        "num_workers": 8,
        "technique": "concurrent_nogil",
        "interpreter_label": "Free-threaded",
        "gil_warning": "",
        "dataset_size": 2000000,
        "wall_time": 86.4682512999995,
        "wall_time_stdev": 0.8233197468135598,
        "compute_time": 61.45138160000048,
        "compute_time_stdev": 0.7305734835429,
        "overhead_time": 25.016869699999006,
        "overhead_time_stdev": 0.24135240799764315,
        "speedup": 1.7130769616864254,
        "speedup_stdev": 0.016391289684372708,
        "efficiency": 0.21413462021080318,
        "efficiency_stdev": 0.0020489112105465885,
        "throughput": 23131.28173518795,
        "throughput_stdev": 221.32779097038068,
        "cpu_overall_percent": 45.562872932738806,
        "cpu_overall_percent_stdev": 0.205874352532184,
        "peak_memory_mb": 3575.4388020833335,
        "peak_memory_mb_stdev": 0.22036005323083363,
        "avg_memory_mb": 3575.4388020833335,
        "avg_memory_mb_stdev": 0.22036005323083363,
        "child_process_memory_mb": 0.0,
        "child_process_memory_mb_stdev": 0.0
      },
      "parallel_multiprocessing": {
        "num_runs": 3,
        "num_records": 2000000,
        "num_workers": 8,
        "technique": "parallel_multiprocessing",
        "interpreter_label": "GIL-enabled",
        "gil_warning": "",
        "dataset_size": 2000000,
        "wall_time": 51.619068366667,
        "wall_time_stdev": 0.15568715282376003,
        "compute_time": 33.207613833333504,
        "compute_time_stdev": 0.1541386059079349,
        "overhead_time": 18.4114545333335,
        "overhead_time_stdev": 0.0016926836747431936,
        "speedup": 2.8694564997032277,
        "speedup_stdev": 0.00866000684867472,
        "efficiency": 0.35868206246290346,
        "efficiency_stdev": 0.00108250085608434,
        "throughput": 38745.60700189444,
        "throughput_stdev": 116.9340681857974,
        "cpu_overall_percent": 42.32723325219481,
        "cpu_overall_percent_stdev": 0.252622078217261,
        "peak_memory_mb": 3960.0611979166665,
        "peak_memory_mb_stdev": 1.0966572225641353,
        "avg_memory_mb": 3960.0611979166665,
        "avg_memory_mb_stdev": 1.0966572225641353,
        "child_process_memory_mb": 0.0,
        "child_process_memory_mb_stdev": 0.0
      }
    }
  },
  "raw_runs": [
    {
      "technique": "sequential",
      "dataset": "2M SKUs",
      "dataset_path": "C:\\Users\\aiman\\Documents\\ITT440_Personal Project\\scaleforecast\\data\\sku_dataset_2000000_20260714_0339.csv",
      "run_index": 0,
      "num_records": 2000000,
      "num_workers": 1,
      "wall_time": 142.49911390000125,
      "compute_time": 125.28074989999914,
      "overhead_time": 17.21836400000211,
      "speedup": 1.0,
      "efficiency": 1.0,
      "throughput": 14035.174993463468,
      "cpu_overall_percent": 6.195460001792385,
      "cpu_per_core": [],
      "peak_memory_mb": 1719.45703125,
      "avg_memory_mb": 1719.45703125,
      "child_process_memory_mb": 0.0,
      "interpreter_label": "GIL-enabled",
      "executor_timing": {
        "compute_time": 125.28074989999914,
        "overhead_time": 17.21836400000211,
        "total_time": 142.49911390000125
      },
      "gil_warning": "",
      "runner_gil_enabled": true,
      "runner_python_version": "3.14.6 (tags/v3.14.6:c63aec6, Jun 10 2026, 10:26:10) [MSC v.1944 64 bit (AMD64)]"
    },
    {
      "technique": "sequential",
      "dataset": "2M SKUs",
      "dataset_path": "C:\\Users\\aiman\\Documents\\ITT440_Personal Project\\scaleforecast\\data\\sku_dataset_2000000_20260714_0339.csv",
      "run_index": 1,
      "num_records": 2000000,
      "num_workers": 1,
      "wall_time": 147.2075253999992,
      "compute_time": 129.31618060000073,
      "overhead_time": 17.89134479999848,
      "speedup": 1.0,
      "efficiency": 1.0,
      "throughput": 13586.261942556985,
      "cpu_overall_percent": 6.187142649417187,
      "cpu_per_core": [],
      "peak_memory_mb": 1720.44921875,
      "avg_memory_mb": 1720.44921875,
      "child_process_memory_mb": 0.0,
      "interpreter_label": "GIL-enabled",
      "executor_timing": {
        "compute_time": 129.31618060000073,
        "overhead_time": 17.89134479999848,
        "total_time": 147.2075253999992
      },
      "gil_warning": "",
      "runner_gil_enabled": true,
      "runner_python_version": "3.14.6 (tags/v3.14.6:c63aec6, Jun 10 2026, 10:26:10) [MSC v.1944 64 bit (AMD64)]"
    },
    {
      "technique": "sequential",
      "dataset": "2M SKUs",
      "dataset_path": "C:\\Users\\aiman\\Documents\\ITT440_Personal Project\\scaleforecast\\data\\sku_dataset_2000000_20260714_0339.csv",
      "run_index": 2,
      "num_records": 2000000,
      "num_workers": 1,
      "wall_time": 154.6466779000002,
      "compute_time": 136.76290150000023,
      "overhead_time": 17.883776399999988,
      "speedup": 1.0,
      "efficiency": 1.0,