{
  "metadata": {
    "interpreter_id": "Standard CPython (GIL enabled) \u2014 3.14.6 (tags/v3.14.6:c63aec6, Jun 10 2026, 10:26:10) [MSC v.1944 64 bit (AMD64)]",
    "gil_enabled": true,
    "is_free_threaded": false,
    "free_threaded_on_path": true,
    "python_version": "3.14.6 (tags/v3.14.6:c63aec6, Jun 10 2026, 10:26:10) [MSC v.1944 64 bit (AMD64)]",
    "cpu_count_logical": 16,
    "num_workers": 8,
    "num_repeats": 3,
    "warmup_runs_discarded": 0,
    "timestamp": "2026-07-14T04:21:19.868962",
    "machine": "win32"
  },
  "per_dataset": {
    "C:\\Users\\aiman\\Documents\\ITT440_Personal Project\\scaleforecast\\data\\sku_dataset_10000_20260714_0400.csv": {
      "sequential": {
        "num_runs": 3,
        "num_records": 10000,
        "num_workers": 1,
        "technique": "sequential",
        "interpreter_label": "GIL-enabled",
        "gil_warning": "",
        "dataset_size": 10000,
        "wall_time": 1.2931164999996934,
        "wall_time_stdev": 0.006602476064925026,
        "compute_time": 0.5905919333332955,
        "compute_time_stdev": 0.0018025226673451954,
        "overhead_time": 0.7025245666663977,
        "overhead_time_stdev": 0.007640869810315164,
        "speedup": 1.0,
        "speedup_stdev": 0.0,
        "efficiency": 1.0,
        "efficiency_stdev": 0.0,
        "throughput": 7733.390009755462,
        "throughput_stdev": 39.581240854300205,
        "cpu_overall_percent": 6.338519669019533,
        "cpu_overall_percent_stdev": 0.09149163156618248,
        "peak_memory_mb": 85.67708333333333,
        "peak_memory_mb_stdev": 0.04510548978043951,
        "avg_memory_mb": 85.67708333333333,
        "avg_memory_mb_stdev": 0.04510548978043951,
        "child_process_memory_mb": 0.0,
        "child_process_memory_mb_stdev": 0.0
      },
      "concurrent_gil": {
        "num_runs": 3,
        "num_records": 10000,
        "num_workers": 8,
        "technique": "concurrent_gil",
        "interpreter_label": "GIL-enabled",
        "gil_warning": "",
        "dataset_size": 10000,
        "wall_time": 1.3159100666671293,
        "wall_time_stdev": 0.002266249537327567,
        "compute_time": 0.09372213333275188,
        "compute_time_stdev": 0.01914131846090975,
        "overhead_time": 1.2221879333343775,
        "overhead_time_stdev": 0.02136973698460683,
        "speedup": 0.9826804187631818,
        "speedup_stdev": 0.0016913637850060274,
        "efficiency": 0.12283505234539772,
        "efficiency_stdev": 0.00021142047312575342,
        "throughput": 7599.3185359819845,
        "throughput_stdev": 13.079747919127268,
        "cpu_overall_percent": 7.01250243932559,
        "cpu_overall_percent_stdev": 0.8302164666150202,
        "peak_memory_mb": 90.48307291666667,
        "peak_memory_mb_stdev": 0.1721559020841163,
        "avg_memory_mb": 90.48307291666667,
        "avg_memory_mb_stdev": 0.1721559020841163,
        "child_process_memory_mb": 0.0,
        "child_process_memory_mb_stdev": 0.0
      },
      "concurrent_nogil": {
        "num_runs": 3,
        "num_records": 10000,
        "num_workers": 8,
        "technique": "concurrent_nogil",
        "interpreter_label": "Free-threaded",
        "gil_warning": "",
        "dataset_size": 10000,
        "wall_time": 1.0646728000004562,
        "wall_time_stdev": 0.018374000303186432,
        "compute_time": 0.22311200000088624,
        "compute_time_stdev": 0.001350616863075881,
        "overhead_time": 0.84156079999957,
        "overhead_time_stdev": 0.019344680485852535,
        "speedup": 1.2148060264252047,
        "speedup_stdev": 0.020771348166994864,
        "efficiency": 0.1518507533031506,
        "efficiency_stdev": 0.002596418520874358,
        "throughput": 9394.405116828166,
        "throughput_stdev": 160.6301378646067,
        "cpu_overall_percent": 50.04164856660977,
        "cpu_overall_percent_stdev": 0.6503931668512524,
        "peak_memory_mb": 95.59375,
        "peak_memory_mb_stdev": 0.21119053110801986,
        "avg_memory_mb": 95.59375,
        "avg_memory_mb_stdev": 0.21119053110801986,
        "child_process_memory_mb": 0.0,
        "child_process_memory_mb_stdev": 0.0
      },
      "parallel_multiprocessing": {
        "num_runs": 3,
        "num_records": 10000,
        "num_workers": 8,
        "technique": "parallel_multiprocessing",
        "interpreter_label": "GIL-enabled",
        "gil_warning": "",
        "dataset_size": 10000,
        "wall_time": 1.6321632999994715,
        "wall_time_stdev": 0.006009915633193787,
        "compute_time": 0.8503803999998732,
        "compute_time_stdev": 0.007597280876331879,
        "overhead_time": 0.7817828999995982,
        "overhead_time_stdev": 0.0016151866481581212,
        "speedup": 0.7922786703104286,
        "speedup_stdev": 0.002912452736051035,
        "efficiency": 0.09903483378880358,
        "efficiency_stdev": 0.0003640565920063794,
        "throughput": 6126.893209626639,
        "throughput_stdev": 22.52274049593871,
        "cpu_overall_percent": 46.58679087805701,
        "cpu_overall_percent_stdev": 0.8924303038963267,
        "peak_memory_mb": 715.1497395833334,
        "peak_memory_mb_stdev": 1.0566123446230864,
        "avg_memory_mb": 715.1497395833334,
        "avg_memory_mb_stdev": 1.0566123446230864,
        "child_process_memory_mb": 0.0,
        "child_process_memory_mb_stdev": 0.0
      }
    }
  },
  "raw_runs": [
    {
      "technique": "sequential",
      "dataset": "10K SKUs",
      "dataset_path": "C:\\Users\\aiman\\Documents\\ITT440_Personal Project\\scaleforecast\\data\\sku_dataset_10000_20260714_0400.csv",
      "run_index": 0,
      "num_records": 10000,
      "num_workers": 1,
      "wall_time": 1.2856511999998474,
      "compute_time": 0.5912108000011358,
      "overhead_time": 0.6944403999987117,
      "speedup": 1.0,
      "efficiency": 1.0,
      "throughput": 7778.159426134543,
      "cpu_overall_percent": 6.4420233019976685,
      "cpu_per_core": [],
      "peak_memory_mb": 85.703125,
      "avg_memory_mb": 85.703125,
      "child_process_memory_mb": 0.0,
      "interpreter_label": "GIL-enabled",
      "executor_timing": {
        "compute_time": 0.5912108000011358,
        "overhead_time": 0.6944403999987117,
        "total_time": 1.2856511999998474
      },
      "gil_warning": "",
      "runner_gil_enabled": true,
      "runner_python_version": "3.14.6 (tags/v3.14.6:c63aec6, Jun 10 2026, 10:26:10) [MSC v.1944 64 bit (AMD64)]"
    },
    {
      "technique": "sequential",
      "dataset": "10K SKUs",
      "dataset_path": "C:\\Users\\aiman\\Documents\\ITT440_Personal Project\\scaleforecast\\data\\sku_dataset_10000_20260714_0400.csv",
      "run_index": 1,
      "num_records": 10000,
      "num_workers": 1,
      "wall_time": 1.2955094999997527,
      "compute_time": 0.5920034999999189,
      "overhead_time": 0.7035059999998339,
      "speedup": 1.0,
      "efficiency": 1.0,
      "throughput": 7718.970798748993,
      "cpu_overall_percent": 6.268438446733016,
      "cpu_per_core": [],
      "peak_memory_mb": 85.625,
      "avg_memory_mb": 85.625,
      "child_process_memory_mb": 0.0,
      "interpreter_label": "GIL-enabled",
      "executor_timing": {
        "compute_time": 0.5920034999999189,
        "overhead_time": 0.7035059999998339,
        "total_time": 1.2955094999997527
      },
      "gil_warning": "",
      "runner_gil_enabled": true,
      "runner_python_version": "3.14.6 (tags/v3.14.6:c63aec6, Jun 10 2026, 10:26:10) [MSC v.1944 64 bit (AMD64)]"
    },
    {
      "technique": "sequential",
      "dataset": "10K SKUs",
      "dataset_path": "C:\\Users\\aiman\\Documents\\ITT440_Personal Project\\scaleforecast\\data\\sku_dataset_10000_20260714_0400.csv",
      "run_index": 2,
      "num_records": 10000,
      "num_workers": 1,
      "wall_time": 1.2981887999994797,
      "compute_time": 0.588561499998832,
      "overhead_time": 0.7096273000006477,
      "speedup": 1.0,
      "efficiency": 1.0,